sasdate,INDPRO,S&P 500,PAYEMS,CPIAUCSL,BUSINVx
1959-03-01,0.007247019317462052,-0.0016819702639067273,0.0034148389879348124,,0.005968647850319218
1959-04-01,0.008256653824398993,0.007577635724146457,0.003954437030314588,0.00027866020789301716,0.0071879232080369355
1959-05-01,0.009278248920174367,0.005135409174204068,0.00426787358507323,-0.00032604972564010445,0.011164459557968675
1959-06-01,0.006850858059822466,0.005784482576877173,0.003315829273058123,-0.0004549803655983131,0.006843885297995505
1959-07-01,0.003651413585277803,0.001403363099765726,0.0021159877259515126,-7.807735335901611e-05,0.007513969799415683
1959-08-01,-0.0003161835902774463,0.014450787803218864,0.0008059095602237802,0.00028980989034944513,0.0050749127428825185
1959-09-01,-0.00728178643650076,0.006754641444716764,-0.002328883621837941,5.32303656337222e-06,-0.000428592450563179
1959-10-01,0.0016964034669218419,-0.0053838700386228755,0.001351271326110221,-0.00040592618632209407,0.0004305040346258669
1959-11-01,-0.001005091449734069,0.00532803259296468,0.0002160590275437262,-0.00033212606667725717,0.0026353079657939573
1959-12-01,0.0020293764035209617,0.005261023854372721,0.0015894788713208474,0.0010160451712673652,0.00195116375339559
1960-01-01,0.01784015822722347,0.005209747599715622,0.007427422600175776,-0.00043185364016258803,0.01328741726772074
1960-02-01,0.007821154780553317,-0.0024078203226787736,0.003470735914974883,0.001076313042648936,0.008394133315426605
1960-03-01,0.0021329020353171206,-0.00546400591970403,0.0017188932843687336,-0.0008011083959326182,0.007468490551414916
1960-04-01,-0.004640132559796752,0.0038711732559638715,-0.0011495823654576788,0.000331746765215863,0.003312514854118925
1960-05-01,0.004301810432182234,0.006202670081263647,0.0026506594853201284,-0.0012773060440721936,0.00352013479447574
1960-06-01,-0.00214570395038773,0.0039036970538326105,-0.000518630219861705,0.0009634430792170684,0.0033362535328408296
1960-07-01,-0.003942278448639703,0.015590978140209214,-0.0009142957848968522,-0.0001633555507251994,0.001017053563505412
1960-08-01,-0.0017892168661187077,-0.0001281707510135345,-8.970749151942094e-05,0.0009637350901263661,0.0026156369747314186
1960-09-01,-0.0003661382858206881,0.008191011018258976,0.0004428471191006725,-0.0012291514798671566,0.0006186534859893202
1960-10-01,-0.0013543789437327777,-0.0017112775785439159,0.00013413984711077055,0.0005691859809732657,0.0018524657251409952
1960-11-01,-0.0021152605896770124,0.0013030508367768276,-0.0002742707682541906,-0.0014459083332181773,0.00034213227325972256
1960-12-01,-0.004249093665505837,0.014651020432093553,-0.0010694670712789501,0.0010352098590352505,0.00016367440529910975
1961-01-01,-0.005849683276102862,0.0133563895584022,-0.0016752434248217241,-8.380387743001341e-05,-0.005911215362715831
1961-02-01,-0.0007527006570625626,0.017619892269524807,0.0002507128251970569,-2.9014665742183366e-05,-8.905371121407588e-05
1961-03-01,-0.001393408528967088,0.015490813382277951,-3.6849820154726725e-05,0.000262541075969519,-1.2880528485873823e-05
1961-04-01,0.0030723454599226843,0.011270936014988969,0.001824988244856844,1.4577156744247462e-05,0.00034168830795725213
1961-05-01,0.0028629146917833704,0.010410039803321978,0.0014969083673321642,0.00030712146211113873,0.002602248339813588
1961-06-01,0.005216336433485246,0.0053706104090879715,0.0026203994604901684,-0.0005600986679207861,0.003968906608431865
1961-07-01,0.006150747200527166,-0.0007344780416798926,0.0030193966513891867,0.00034764669140672377,0.003623660032026549
1961-08-01,0.0032181374825429004,0.0031359374581442093,0.0018750473209383862,-0.0007804054661738835,0.0038210348286063095
1961-09-01,0.006197191028153963,0.010934353927699663,0.0030626595453739722,0.0006474875739510229,0.006216139843397612
1961-10-01,0.0006908386616325003,0.0029311760960628597,0.0009621453338966022,-0.0002097429184757897,0.003752355762614268
1961-11-01,0.00689372825868104,0.00483841530642634,0.0032057211978461534,0.0004528752738180245,0.005100264590192596
1961-12-01,0.007253421205680481,0.012693878187817679,0.003453256546252054,6.149645415954542e-05,0.007316597338496467
1962-01-01,0.004351772974754563,0.005485237037889001,0.002316090487440791,-0.0002680943069340705,0.003798895998852047
1962-02-01,0.0004435200963255105,-0.004298256755763858,0.0008661248787432199,-1.2281679870988427e-05,0.0045188245617951515
1962-03-01,0.006709326593666343,0.006239947193615954,0.0033066333885728304,-0.0003397230852786541,0.0069055723865169925
1962-04-01,0.003487527552261383,0.0038546733079552913,0.001973579047765536,0.00011971266833938013,0.005952487455976375
1962-05-01,0.0045481590877621105,-0.004726778834617642,0.0026248641268772164,0.0002308018819482919,0.0041597190117086905
1962-06-01,0.001529950349890583,-0.014219326746374737,0.001223076643551436,9.697372615820149e-05,0.005612768948749812
1962-07-01,0.0008038391036982733,-0.025247384492994303,0.0009451149916664983,0.0005796050945145694,0.00417954164397474
1962-08-01,0.004043491136435505,0.00915200166657574,0.002163325989140797,-0.0003680143257888106,0.004889579765750202
1962-09-01,0.0018294846591911578,0.01081244758229145,0.0013791140875878175,-0.000489640815767012,0.004473131081986356
1962-10-01,0.003568259358177507,0.0014310943015887728,0.0020429538315405176,-0.0007606657850225536,0.006198566178796869
1962-11-01,0.0018610374210783088,-0.0034298372379896313,0.00136484153838888,0.0017626357088111142,0.004635595687049676
1962-12-01,0.0024533917029434657,0.020168656649286354,0.00152173332327011,-0.00038307834400483495,0.0027561372385524322
1963-01-01,0.0012315086217066723,0.014830976572007997,0.0010510134999709192,-5.5631721211142185e-06,0.0025861324418300653
1963-02-01,0.0031024297210038533,0.012965791527891552,0.0018083866894007179,-0.0005714591554715293,0.0036088861113448435
1963-03-01,0.003952231700040301,0.006634633079456154,0.002124009238203358,0.00021957270472067192,0.0045340324176747805
1963-04-01,0.003984867081224173,0.0024767473055318547,0.0021585289077455687,0.0001231886125263748,0.004160198350743983
1963-05-01,0.005741117824757565,0.013727949075661433,0.0029567654461131495,0.0006297211132860287,0.004351007256555497
1963-06-01,0.00305164657018692,0.008681450985458998,0.0017021626132349694,-0.0005716800668460618,0.004699236473813889
1963-07-01,0.0031876227946076624,0.0036237563514673124,0.001837832945005024,-0.0006630220148462791,0.004918645462752236
1963-08-01,0.0026662898335445867,0.00028443538958585564,0.0017794538573821053,0.0002091132944466225,0.004585127457382776
1963-09-01,0.00345719062906578,0.010182335289394802,0.0020140661000720493,0.00021534668162717841,0.005108773757468034
1963-10-01,0.004473050024377405,0.009491069683249743,0.0023809733128914616,0.0009001931916717634,0.005747511555752673
1963-11-01,0.0054320944636767,0.0033363294451946215,0.0028062386138809695,-0.0005376442940279355,0.007005679597187225
1963-12-01,0.0017932265079288355,0.0030243850122654643,0.001224842177559644,6.397731117185886e-08,0.003970025598149053
1964-01-01,0.003282149476942788,0.008734620902587439,0.0019711696762224236,-0.0006546549356398153,0.0031550535857151154
1964-02-01,0.004748180934012974,0.01038540047195022,0.0024583452331809804,0.0004205448594702304,0.005751780299600757
1964-03-01,0.005222886335260245,0.005786495154802422,0.002779098224660409,0.000904533355548309,0.005297560099096552
1964-04-01,0.0026370382793556393,0.008309534841008282,0.0017397186427434326,-0.0005652742498291075,0.0044321207292966815
1964-05-01,0.006132445823683651,0.005984677499455109,0.0028358017186495754,0.00024020064361182742,0.006358960462683305
1964-06-01,0.004652047742142179,0.005429966276131356,0.0024824329100739616,-0.00015845543172039338,0.0050884284736147775
1964-07-01,0.00274445527425424,0.002487414899469574,0.001743927695768587,1.1839107564438354e-05,0.004632013284822663
1964-08-01,0.005744595951123746,0.011401883483690187,0.0029148902896484244,0.0002377375587347772,0.004878600660380974
1964-09-01,0.004209422472129179,-0.00027154238382553824,0.0023388687842904087,-0.00016347298632083952,0.004837791703047857
1964-10-01,0.004525560847444706,0.007240396972156226,0.00254918934612432,3.26397652143265e-05,0.008123117873663849
1964-11-01,-0.0024643793228858947,0.010273770181627413,-0.00031393808393909,-0.00014072145252445086,0.0006425191341217391
1964-12-01,0.010840343911712395,0.0021807172126607458,0.00485797831428572,-0.0003758742988571849,0.008854797097649872
1965-01-01,0.007448679981695343,-0.002353258646167097,0.0035287353377751454,0.0005421166597623312,0.007543461663027233
1965-02-01,0.005544655985386815,0.008863320400619669,0.002772352406035675,0.00013798082551935045,0.007594216705056113
1965-03-01,0.0037235109429804786,0.005275248318899509,0.0021612675920049647,0.0003072532516719348,0.005166531137554354
1965-04-01,0.006669195631593129,0.002461056008582072,0.0032164865177429277,-0.00022956297505423066,0.009267667506428622
1965-05-01,0.004377348737772379,0.006347358076214076,0.00245791051430082,-0.00034816289367861923,0.005732735525620385
1965-06-01,0.005400376599958187,0.006334225241210809,0.0027994677786697102,-0.00024011217046488332,0.006423371296187627
1965-07-01,0.00399106789120943,-0.008344589342348368,0.0022322105557991594,-0.00025405551360422235,0.006458154253906884
1965-08-01,0.006575998171879821,0.001872681329848169,0.0032702981815301456,0.0015612608902411246,0.008181418476640707
1965-09-01,0.003222946182088526,0.008176796064697914,0.0020193267611506973,1.7109564029964717e-05,0.006635509824267324
1965-10-01,0.005274637201280465,0.010706786027833213,0.0028177107584914235,-0.0008991053286899399,0.005230863744239499
1965-11-01,0.006359007684735086,0.007720124466500353,0.0031409113409121194,0.00042896824493145045,0.005943900320828729
1965-12-01,0.005469353023004595,0.004695664499933169,0.0028888223737004066,-0.0006119577770663928,0.006644790294705703
1966-01-01,0.007298762037693071,0.000838857020334453,0.0035578226846532226,6.577749052987856e-05,0.007465614841837253
1966-02-01,0.005516162309218172,0.006882168938752658,0.0028002106625217094,0.0006968925082453958,0.006901189036426631
1966-03-01,0.00521122619427429,0.001200766948111961,0.0027593161691344178,-0.0015382778320169837,0.009038046886426116
1966-04-01,0.007508307149192801,-0.00827925537127117,0.003679878522783883,0.0009981481326749358,0.008814345902159786
1966-05-01,0.003987457632043151,0.010628030768366048,0.0023126595908427314,2.9432116053469317e-05,0.006844891348463172
1966-06-01,0.0035928965515182425,-0.009448729478579491,0.0021171749839746365,0.00029801132045452494,0.008520284644884031
1966-07-01,0.005798524678162326,0.000537932876558395,0.003099036135856834,0.0004152375118077453,0.009835651911518806
1966-08-01,0.003261196795169664,0.0031003856158905727,0.0019556544993253188,-0.0003491544783625568,0.007467490394160497
1966-09-01,0.0025848541939328742,-0.011083931841747793,0.0017487540307240413,-0.0011734635591917621,0.007481476872316818
1966-10-01,0.002808734014552369,-0.0046944254583754065,0.0017068041465410203,0.0009273711157130579,0.006515708111760019
1966-11-01,0.002623162498419111,0.001905054147556613,0.0017140715895443226,1.1820440433275637e-05,0.007740656852910647
1966-12-01,7.71061948882329e-05,0.016844099450425816,0.0008210698220417607,0.0006170880507458288,0.006286088880758817
1967-01-01,0.0004935239065408381,0.005964246702486603,0.0009130309057052246,-0.00010488374872368203,0.005619954729062161
1967-02-01,0.0016686008056743214,0.013532161259959843,0.0013636639164812967,0.0005400167909344115,0.007046284455788975
1967-03-01,-0.0020349638398259808,0.014151805600598049,-6.018989282443178e-05,-0.001123133852235263,0.0026813119441871282
1967-04-01,2.740025940479898e-05,0.010713873694052179,0.0007410732593781737,0.0008831935260643259,0.004275777527372003
1967-05-01,0.0017398445692399934,0.008579037426601722,0.0011413908108271098,-0.0009007928951933997,0.003961847000272644
1967-06-01,0.0003865081060921978,0.00917839140672278,0.000945783994697526,0.0008855262148418732,0.0029617704448402287
1967-07-01,0.002541637232766546,0.0009455088997437681,0.0016785149051392393,-0.0017794584503071792,0.0034411160393194003
1967-08-01,0.002130604028499441,0.008295168145164311,0.0015454797762611049,0.0009043816508761198,0.004190549301170952
1967-09-01,0.006801766003378165,0.006050466896002985,0.003241323001698643,5.787788303565709e-05,0.007775719132410171
1967-10-01,0.0018372032414099891,0.007648557427092784,0.0013379615724716436,4.664852589658697e-06,0.004164254380609674
1967-11-01,0.003019592088226328,0.0034777565733486414,0.0017379078609384762,1.604596242454705e-05,0.002660095001988066
1967-12-01,0.008895119376655526,-0.006465372694405901,0.004251317704713236,-0.0007937062894051736,0.00899638632991515
1968-01-01,0.00638559400025809,0.009128856239731944,0.0031066015115831813,0.0009351810217251853,0.007244580418455312
1968-02-01,-0.001138379901367227,0.005004320351856059,0.00010563712736319335,-3.0696122335079016e-05,0.003927166144181686
1968-03-01,0.005614130675343004,-0.00853347410771405,0.003032497504308982,4.7803807967425207e-05,0.006348263170899834
1968-04-01,0.00427025997244059,-0.001226034275211491,0.002272984028120547,3.204066015172923e-05,0.00520787863955929
1968-05-01,0.004097303587044881,0.02050700332158821,0.002356008348406949,3.0423285455908155e-05,0.006979094111822402
1968-06-01,0.005297412575885925,0.00833699629514914,0.002609174389961455,4.202173000808874e-05,0.0076261073291491645
1968-07-01,0.003077803756897108,0.01018934363666185,0.0019397135571537706,-0.0008394875155064729,0.005186431476513751
1968-08-01,0.002454506880995473,0.003535033776045459,0.0017211570089751946,1.915211217639572e-05,0.004264515187731383
1968-09-01,0.0037924556620727063,-0.0018840244825206083,0.002183472159064215,0.0008811741111586569,0.006829583717703692
1968-10-01,0.004333923043205421,0.010939511125591071,0.0023451238845752878,3.250233828945379e-05,0.005387382979601372
1968-11-01,0.004849337751240692,0.008845456328054477,0.002618424243590826,-0.0008036166740979068,0.007178146604517501
1968-12-01,0.006219460847604974,0.006135820269660083,0.0030685548872924507,0.0008974002891282677,0.0058722765757006495
1969-01-01,0.0035876586472185653,0.006053549042369474,0.0021436951908802575,-0.0008117540140058661,0.004905010591707001
1969-02-01,0.004820700112864418,-0.007416736208732035,0.002537609336290493,0.0008754880038820768,0.006062505372034623
1969-03-01,0.005164883950917515,0.0016703804121323777,0.0027158922384845187,4.1535797094355894e-05,0.0074980301582860615
1969-04-01,0.00456772359311048,-0.002147920850172739,0.002435440119490542,-0.0016161294278299156,0.007090610781269696
1969-05-01,0.0020525255468888605,0.008994642976133317,0.0015421779229264807,0.0008427841914667901,0.005563053369590173
1969-06-01,0.002512495707597244,0.011709849232404541,0.0017826123894212466,0.0008345031177786818,0.006550838049673279
1969-07-01,0.004967389905933277,-0.009967465482936323,0.002643561384539953,-0.0007744597947922819,0.0060495515167740994
1969-08-01,0.0034040008498644274,-0.007390388522819214,0.0019292628069457612,2.7574274293884817e-05,0.0063310365674878865
1969-09-01,0.003456052495885001,0.002241724470653467,0.0021065401435716,0.0008327721211377337,0.006036432976097165
1969-10-01,0.000738820950886325,0.005659185049211199,0.0008227384544774816,-0.0008108672424544585,0.0053184626013710965
1969-11-01,0.0024701803382434157,0.0065952846114370745,0.0016946970423931966,1.761995001619454e-05,0.005701581909102736
1969-12-01,-0.0011981789427872554,0.007344411516370257,0.00020198076310969787,-2.3219524715941035e-05,0.0028992082307694985
1970-01-01,0.001649828865132178,-0.008783302760801413,0.001368954930421916,8.534343915488276e-06,0.005299237442211358
1970-02-01,-0.0045405878324857474,0.0049102472576791735,-0.00102021327523612,-6.044045041483867e-05,0.00024205601360380042
1970-03-01,0.0001314324570111569,-0.0034877191572922433,0.0007517220639163537,-1.010883230046696e-05,0.004180873694257905
1970-04-01,-0.0008550814899106478,0.009626657768299468,0.00039125188263077794,-2.167705305729286e-05,0.003065425296560575
1970-05-01,-0.0016997022329397348,-0.0015653352443482354,-9.682297059653683e-05,-3.139957449324467e-05,0.004371317256769738
1970-06-01,-0.0006543457280748927,-0.024085018480351588,0.00020571797592193637,0.0007490265632205909,0.0011969554095479717
1970-07-01,-0.0005371612719273604,0.00386994403267245,0.0003593284507563127,-0.0007901561236015966,0.004158255693613039
1970-08-01,0.0017912576906118068,0.004775324498423588,0.001286538875115633,0.0007709106606473457,0.005544623590009211
1970-09-01,-0.0015907760311832382,0.012781750631401172,-7.149818782909616e-05,-3.64584488063253e-05,0.0035890961141657094
1970-10-01,-0.00164695578433622,0.019867177674669178,3.805747164833213e-05,-0.0007945014891463366,0.002504953585873609
1970-11-01,-0.0063289131911879615,0.013022724910354319,-0.0019471405409214877,-8.178767756592441e-05,-0.0002388686060213678
1970-12-01,-0.0029396478131866882,0.006179284070938384,-0.0005491144570378254,-4.556664736047563e-05,0.002365833092850621
1971-01-01,0.008658232904885784,0.017421226830632512,0.00399896698826717,8.373311656413277e-05,0.005611784079345376
1971-02-01,0.003521913911905647,0.012677143106981243,0.0019395955599863773,0.000770494933367001,0.005043009799457321
1971-03-01,0.0008556174698306472,0.013919890873209788,0.0009073065061919883,0.0007358944825419175,0.004245908832465556
1971-04-01,0.0011904400456646523,0.01071431662377124,0.0011073560190574003,-0.0007492912737323283,0.005387583523034224
1971-05-01,0.005009478232628,0.011028222099058528,0.002599822344670758,3.943291096369946e-05,0.006280945955163555
1971-06-01,0.005143379083837598,-0.0004519333253876188,0.0026801058678943097,-0.0006968402060804491,0.006326628112757202
1971-07-01,0.0036252788750674014,-0.0009722384130523388,0.0019619224266628696,2.8917818283491206e-05,0.004295923622652477
1971-08-01,0.0030355822249716084,0.0019860842989733772,0.001834897361211821,0.000754476784522694,0.004635271324777768
1971-09-01,0.0016195455373660614,2.1648805333756584e-05,0.0013154042991299756,2.355037639131357e-06,0.004818259978903952
1971-10-01,0.006594743222143018,0.007609434234857068,0.003161716644232847,5.531678116061017e-05,0.006362022890304332
1971-11-01,0.004305060125048547,-0.0019209265581151952,0.0022089951935578586,3.055188141932636e-05,0.004483370257460281
1971-12-01,0.004433618620021888,-0.008294966568826712,0.002409936923219662,3.291104539823357e-05,0.003414586648367568
1972-01-01,0.006250702818819374,0.01850052559677867,0.003083203178989767,5.245145972490813e-05,0.00692258835892505
1972-02-01,0.00947526056471737,0.01091729845285319,0.00426204759554112,8.731907247670958e-05,0.0051204213522710726
1972-03-01,0.006020919185989127,0.006908409464825603,0.0029654515125870614,-0.0006683304660449289,0.005471624643724077
1972-04-01,0.006938646252363711,0.007724671363333329,0.0034068593158536756,0.0014984550345305877,0.006395293881113293
1972-05-01,0.0065712456765186725,0.00470449517799612,0.00318640764530768,-0.000661735777869215,0.007426012944897038
1972-06-01,0.0045304918430268265,0.0006292521385708901,0.002548996568290118,3.508384143085616e-05,0.0072986515141255275
1972-07-01,0.005040700362865859,0.0035454498389073386,0.0027117911269926988,4.050225506923157e-05,0.0050998921743795455
1972-08-01,0.002344814031383162,0.00227601072791544,0.0014775169098765683,9.554884865784005e-06,0.004015538117436372
1972-09-01,0.008809935359343494,0.009677642306613653,0.0041560114794659195,8.204938129402436e-05,0.00981471701055874
1972-10-01,0.006401927636503145,-0.0012014894583917831,0.0030731318831379644,-0.0006512525695381359,0.007829639041626715
1972-11-01,0.008528748477403933,0.0018221368624488422,0.004040872687280419,0.000787079217007708,0.007877567448260691
1972-12-01,0.007924192362429746,0.013477443707108589,0.0037391731599498153,-0.0006293618170091468,0.00816052366947604
1973-01-01,0.0081972394667361,0.00650438743670899,0.0038452817696912733,0.000778446525876075,0.007710884896531553
1973-02-01,0.007444749645467987,0.003667277522900428,0.0036255172999719114,-0.0006289350205187179,0.010759194092524002
1973-03-01,0.009232860896296257,-0.0076467839463680645,0.004281693278837452,-0.0005999087650018569,0.010471168758507909
1973-04-01,0.005351389301464329,-0.0011272984260979394,0.002829434336272138,-0.0006277492450960476,0.00874139871465504
1973-05-01,0.0029360606584831785,-0.0007568207314370887,0.0018524053278756235,0.0007190812186758021,0.0076442986493377605
1973-06-01,0.004976522799855583,-0.0039382879842048656,0.0025791547833553833,0.0007267332816022113,0.009525743176524312
1973-07-01,0.004720576655249458,-0.002463539439772887,0.0025603628099168637,-0.0006312537688682248,0.00894850158913276
1973-08-01,0.004464042327093078,0.005447030891627976,0.0022971061781865373,0.002054544691086132,0.007946082720424661
1973-09-01,0.002837159428952339,-0.0007682343441487025,0.0018704637168498184,-0.005314409521472435,0.0066111884562446
1973-10-01,0.003912900476904248,0.00759989533095946,0.0021043336768590956,0.004034929302295818,0.007157994559633136
1973-11-01,0.00455833535601282,0.012567853681993951,0.00250026822499375,-0.0012681327109605146,0.007319910525338112
1973-12-01,0.0043644591882191774,-0.014592703467978776,0.002438465435249186,0.000699500196916144,0.009934140184877765
1974-01-01,-7.462562480036513e-05,-0.012571222190476539,0.0006704552344936343,-0.0006498440619244623,0.009987750280610025
1974-02-01,-6.708585436006938e-05,0.00848129926690743,0.0006818497084163531,-0.0006323040614808116,0.008647990667590078
1974-03-01,0.0005031202700051713,-0.0018859070045685413,0.0009223621191724301,2.0541820167414753e-05,0.007789751960916671
1974-04-01,0.0025961122163704322,0.014067492352360893,0.0016244962777281816,4.37085471551034e-05,0.010510129991211637
1974-05-01,0.0013749161171032627,-0.008173350706206747,0.0012093839662941062,0.00126187441987017,0.0075084192194899
1974-06-01,0.004021548470664112,-0.004008919267733164,0.002187358248738811,-0.001187948758660181,0.011476170043707158
1974-07-01,0.00013275120609289792,0.005400182615067422,0.0007046199779278312,0.0006189180540335452,0.01006456114367555
1974-08-01,0.0007418611345479838,-0.02514625374530404,0.0008955773965141297,0.0006099342399589549,0.010452430109814512
1974-09-01,-0.0010501578050596024,-0.0046757631167352876,0.0002826744788262843,-0.0018098980102870263,0.007568136005678278
1974-10-01,-0.002484868874021026,-0.02024121532717313,-0.0003550438714956408,-0.0005941921751812301,0.009441660362528066
1974-11-01,-0.003452560328018844,0.01133618906301384,-0.0006767785567374364,0.0017390037754374844,0.008509186297658462
1974-12-01,-0.010855105580250542,0.01765127685252528,-0.0035023369483811184,-0.0006986081395420636,0.004487347864489104
1975-01-01,-0.014473397928348798,-0.004856071409437152,-0.005021862372912861,0.00041835579475529605,0.0031887835069369817
1975-02-01,-0.00931337990503032,0.028277099318640732,-0.0030767350255693454,-0.00010880347674852818,0.0002574383823047248
1975-03-01,-0.009974313381716934,0.033358018729660086,-0.0032602128679260992,0.00044980305214197767,-0.003432904118220943
1975-04-01,-0.0060648775519430535,0.018664922817451204,-0.0017998367860182361,0.00048290282097578904,-0.0024440770301417357
1975-05-01,-0.00014135850007222913,0.007934194796076937,0.0004100891540168859,-1.8030849009984344e-05,0.0016493850582639587
1975-06-01,0.0004327915387977259,0.019797274903153764,0.0009038956448170209,0.0005488973569211726,-5.3931941043028233e-05
1975-07-01,0.0013573416948853886,0.010686817718057547,0.0010025502145932547,-0.0016750208367068437,0.0013260068368742559
1975-08-01,0.0061154024887417925,0.002692449371098156,0.0030261871856111246,-0.00048444450036463986,0.00486002615701296
1975-09-01,0.005673919687503143,-0.015725470458235698,0.002940614252271524,0.0017092754385534682,0.00556388596244694
1975-10-01,0.00476181144794127,0.00015982755150014349,0.002366290546348857,-0.0010532925306159075,0.0056236127394148645
1975-11-01,0.00308546050123358,0.01466353309173427,0.0019529080627474426,0.0005717225722383057,0.005172645865816933
1975-12-01,0.001748783449050606,0.008423814536065407,0.001357649550119034,-0.0005285407110193677,0.0019923049266049996
1976-01-01,0.0059951011769765715,-0.0011502107145254178,0.0029980641924224165,0.0005963942676750051,0.004273103932862468
1976-02-01,0.006804610300999426,0.023436590851126784,0.003408062823633172,0.0005972133964126147,0.007670255271686629
1976-03-01,0.006012167268849081,0.011656681653166436,0.003022442410234909,0.000583001607017379,0.00713419613107373
1976-04-01,0.003442426666193936,0.004798687307188993,0.0020530100734319503,2.095084870163077e-05,0.006179165287626025
1976-05-01,0.003671439392841728,0.005431430473503843,0.0021217391546673164,2.284551751012145e-05,0.006949984661560371
1976-06-01,0.003227503857592183,0.00205606537561878,0.0018173553803011646,-0.001037355237592414,0.006665024911564013
1976-07-01,0.001410751526244127,0.005947256401171594,0.0011769120602644013,4.695983328989042e-06,0.008090137234075992
1976-08-01,0.003317452249651607,0.00932402581226393,0.0019343130210111273,2.5877461204793028e-05,0.006793687652660574
1976-09-01,0.0030762683614327436,0.0017214187030232344,0.0018238202859898927,2.2662315817860644e-05,0.005337875262323119
1976-10-01,0.0035242592370306517,0.008661943362033329,0.0020482364918407024,2.89010609157446e-05,0.008461885115585393
1976-11-01,0.0011354561837111016,-0.0037506357070356934,0.0010511086791031906,1.35268610785332e-06,0.004917950878681422
1976-12-01,0.00653698229544937,0.0006564621192473655,0.0031831931395748213,0.0005718311546951583,0.007237261346821492
1977-01-01,0.0053319872917382705,0.01103336096607407,0.0026886321812752954,-0.00046539783647776725,0.0062317906973449345
1977-02-01,0.0025756270766081786,0.0018247249762006687,0.0017976966321531398,1.98647365117633e-05,0.006876231338722632
1977-03-01,0.007420350952003477,-0.004682169027054071,0.003495577100661433,-0.0014354538846517901,0.008516510032392573
1977-04-01,0.007943072167463757,0.0006889946816577876,0.0037904560727252436,0.0015922670168683356,0.008707782737183829
1977-05-01,0.006396717247417367,-0.0014218613273049496,0.0031783169798604016,-0.0004350986111298045,0.008939710462962337
1977-06-01,0.006109880172747993,0.0017299812327822742,0.0030998786141181365,0.0010484345759838385,0.007389935719338148
1977-07-01,0.006024481410057039,0.0037677618149416997,0.00309254644405086,-0.00043902500134813976,0.006885408625691139
1977-08-01,0.0046778481515040065,0.00522972015181696,0.002597218724222178,4.2152677074751055e-05,0.005785994946139475
1977-09-01,0.004597361191637974,-0.002915517184001594,0.0025010939001136874,4.110437233157628e-05,0.0072446914681023955
1977-10-01,0.005298808939709522,-0.0010119744019181222,0.002874106129942341,0.0005327026978164586,0.008301584676708945
1977-11-01,0.005512986677074481,-0.003685419506408532,0.00286516555893487,-0.00043479865948631866,0.005775988338180672
1977-12-01,0.005216076126626951,0.004175838860029504,0.0028090298998248936,-0.00043145258135514943,0.007615994211602012
1978-01-01,0.006161764661463773,0.00116809169189254,0.0030944426306433893,0.0005410876783232759,0.007672737760931121
1978-02-01,-0.00023799237574494755,-0.004254991184110965,0.0007468834279645454,-0.0004863366185343267,0.007088181289549661
1978-03-01,0.006320669167390698,-0.0011048834569552322,0.0031892689370430554,0.0005363303055332057,0.007224976828826757
1978-04-01,0.009210301491853829,0.0007035827293527075,0.00426936286060167,-0.0003785621867398114,0.011020560916659084
1978-05-01,0.010343839868844093,0.010979544251599582,0.004807617849775945,-0.0003565734867117358,0.011753933334643082
1978-06-01,0.0053591337710313875,0.01469746333156636,0.0028177777000843243,-0.0004007867200490776,0.007926992871380389
1978-07-01,0.007121826040358589,0.002577492333876169,0.0035362963200627085,0.0005447525796133518,0.009089731152961637
1978-08-01,0.002768546578666922,0.0027130425498275413,0.001819868922502292,3.042137665174705e-05,0.006915726286469211
1978-09-01,0.005376662631770491,0.01886447581714366,0.0027877493166679297,0.0005099748670603855,0.008547721648981682
1978-10-01,0.004682112455735901,0.0030410708613530114,0.0024532732630405223,-0.0008492928909524764,0.008082433324769538
1978-11-01,0.006632211816184735,-0.00559886938250302,0.0032723931540306703,8.042790938550361e-05,0.009927912591722368
1978-12-01,0.007209699148072508,-0.012638657236324255,0.003548876529891777,0.0009656049291659786,0.009865650249027053
1979-01-01,0.0049961283880798815,0.006465604132549778,0.00263344058863419,4.798549867582476e-05,0.009201713708599464
1979-02-01,0.002107291840332969,0.013014501995210884,0.0015380591117260948,-0.0008519431574837554,0.0066604155603899665
1979-03-01,0.003253846827145069,0.00010471745999166839,0.0019480313496092311,-0.00038975390906676745,0.00741366998596275
1979-04-01,0.005589417926010642,0.007183593704218092,0.00295835958258759,7.550733639307731e-05,0.007366209148289807
1979-05-01,-0.002380270546030265,0.010904378229547028,-0.00024350983889649788,-1.539657567833474e-05,0.006605691102459199
1979-06-01,0.0071898297487851546,-0.003720805248741196,0.003494566525074939,-0.00032453368704555733,0.009409453331625945
1979-07-01,0.0027496211682685886,0.008622784337346322,0.0018350451392290528,4.962802920783022e-05,0.008266315661302644
1979-08-01,0.0017895436210485756,0.006682784612339849,0.001364664172617392,3.792834512958994e-05,0.010304540877145848
1979-09-01,-1.797979659719966e-05,0.01590691536347758,0.0006979303864991493,0.00041978522775264936,0.0051347649073739
1979-10-01,0.0038937280419444366,0.0060549682615349916,0.0021126567179196175,5.273658979856142e-05,0.005121144348196299
1979-11-01,0.004689559149336515,-0.006215745449007946,0.002427207847795181,-0.00033550696123769833,0.008877693123554164
1979-12-01,0.0013407558457606203,0.002669718121670301,0.0011819853047255998,2.974143939610992e-05,0.005273672532010275
1980-01-01,0.0011620151632664908,0.013996832654501218,0.001097977972667591,-0.0003601902716215867,0.005281807229100214
1980-02-01,0.0023766970978711514,0.010968204049239781,0.001541551860715697,-0.0007153291683744847,0.00680851310075499
1980-03-01,0.0024225584261996533,0.013449712735541393,0.0015739008372033536,0.00044321217658889873,0.0065347332331726115
1980-04-01,0.0006003937179897445,-0.01845601709134882,0.000931097251288867,-0.000335401046326877,0.005899484389621354
1980-05-01,-0.010960781874915842,0.0060136998244838475,-0.0035051649691227958,0.0010111130041170814,0.0034247307990937685
1980-06-01,-0.01468229721001609,0.022391040900625332,-0.005040707662907323,-0.0001578164340199801,-0.0016020170099821313
1980-07-01,-0.005780259428302809,0.022666825748670395,-0.001677050970323868,-5.650583549222599e-05,0.001439838367483032
1980-08-01,-0.0017545936997567912,0.016597347598790075,-0.0001476663674749364,0.0024958056326523223,0.004229825238209333
1980-09-01,0.005380798461201765,0.01007264146346112,0.0027830065149257377,-0.0017474348300198345,0.00619678657616123
1980-10-01,0.007024240753129222,0.007910117663201969,0.0032146814162584032,-0.00028037516189841625,0.00727266453266034
1980-11-01,0.007101060396001288,0.008998108838618846,0.00337086375665116,-0.00026977779766546327,0.007101157806513579
1980-12-01,0.007411941473142682,0.011925051934619943,0.003445784600125345,-0.00025759653479869493,0.006992730205770861
1981-01-01,0.004518441081630397,-0.0007900067612698141,0.0023846253899215022,0.00040787602034222806,0.01808249340655592
1981-02-01,-0.0010745232078278523,0.004675862265606612,0.00029636110383905777,-5.681359964167925e-06,0.003893529392102267
1981-03-01,-0.0002538066930076676,-0.003274543557679504,0.0005833645022763514,3.0131666969969753e-06,0.005619274717685533
1981-04-01,0.001080129721081114,0.013576539424516471,0.0010334022066262772,0.0006856416010677917,0.004399327658377553
1981-05-01,0.002754089049896889,0.006014100069739882,0.0017388461803679706,0.00036044564660099647,0.0036622931203708076
1981-06-01,0.0036585864546028503,-0.0013620845816489666,0.0019636283518005386,-0.0003003922367606572,0.006333126650205498
1981-07-01,-0.001565616487849657,0.007020230535073745,6.871116198927719e-05,-0.0006838063111369871,0.004008798640814529
1981-08-01,0.0026820769888957017,-0.0019176118238308968,0.001635109775814852,-0.0006169723579034941,0.006403307628366707
1981-09-01,-0.00033823395221173856,0.006231668252378462,0.00046472168895157426,0.000976607503811882,0.004091773640947135
1981-10-01,-0.003163969421888545,-0.015482662320808992,-0.000614567442503651,-0.0006778866029620689,0.003622724113000502
1981-11-01,-0.004839350089652094,0.010335076404355787,-0.001237933126826301,0.0018545483096107274,0.0014519425380400434
1981-12-01,-0.008309250872684502,0.015006732164880382,-0.002592632868806108,-0.0004289349183345087,0.0025055331945978525
1982-01-01,-0.005747640788112178,0.009436574724241207,-0.0016573987650701865,0.0002357359962039001,-0.0022429570297784595
1982-02-01,-0.005437442419063159,-0.005595083003510288,-0.0014850565078451615,-7.588760930127069e-05,0.029453924714205163
1982-03-01,0.004254257923665799,-0.0024218634308168143,0.002060787210196899,2.7837750870384937e-05,0.00036385422255717445
1982-04-01,-0.004525432233532884,-0.0007800911850036241,-0.001141129227854884,0.0008707508736052587,0.0004230994190502859
1982-05-01,-0.004079512118809249,0.018627122297318447,-0.001036146796237913,-0.0010053289505900993,0.0013953120078378576
1982-06-01,-0.0021906286465107516,0.006294548626171081,-0.00019999765191338584,-0.0019054886515108612,-0.00279178958181821
1982-07-01,-0.002745629282379626,-0.007936996974621762,-0.0005587131881206932,-0.0006387311162402657,0.002424363078439901
1982-08-01,-0.0034708033185637914,0.0060448932535316574,-0.000887597870740445,0.0018003623944417982,0.0018385776222135234
1982-09-01,-0.0063562586164991955,0.008632402067014,-0.0018421243538972124,0.000825687418979577,-0.0019163022806134898
1982-10-01,-0.0030088973950098134,0.032960432818589194,-0.0006238236319555854,0.0005538255444549413,5.5204464497846974e-05
1982-11-01,-0.006057387441070702,0.027345767151862495,-0.0017912042993901782,-0.0013028292180692763,-0.0016905813502798039
1982-12-01,-0.002231219302598871,0.01577779209121158,-0.0002917623423208801,0.0014709559238983122,-0.0026070200826936027
1983-01-01,-0.0008955877203561382,0.00775115310656467,0.000316904160301794,0.0005790349006719114,-0.0006617145821875203
1983-02-01,0.005714317976981827,0.011074660593287598,0.0027583005618542445,-0.0014756518401855996,0.00030845925994001317
1983-03-01,-1.483930260843245e-05,0.009248921679072842,0.0006089218355970739,0.0002854873160386735,0.0010354042395376635
1983-04-01,0.003957217067774263,0.011676561231073962,0.0021482106497604605,2.479121006917423e-05,0.00032755892627954247
1983-05-01,0.005350506777296727,0.011884975317109229,0.0027019730630362675,-0.001769263542522861,0.004128656967198231
1983-06-01,0.0048849569621864306,0.012594646981608951,0.002577746895465082,0.0009477501762540644,0.00497506849882013
1983-07-01,0.006836446761200366,0.005448625480478326,0.003384152330792904,0.0006609956645331844,0.0055192940926061685
1983-08-01,0.00819116404666512,0.0024286270307919983,0.003846556064965506,-0.0005219439225751972,0.006534163835532099
1983-09-01,0.004531020407574713,-0.0035426852250695197,0.0020658436276139707,0.00033162235540732776,0.006686427174137405
1983-10-01,0.009363775301538608,0.008054941514754135,0.0046871603668171904,8.933104053761043e-05,0.00893765586782157
1983-11-01,0.0053457652199215035,0.0035082254096377944,0.002737025503286152,-0.0002511549687184233,0.0053431036844123776
1983-12-01,0.00560103372155453,-0.0009902237966138076,0.002906507325591853,0.0003432155036140552,0.007257619310039101
1984-01-01,0.0054995436087072825,0.0015150410737984393,0.0028639967770614705,4.620326445146819e-05,0.006888244446967936
1984-02-01,0.008406976457291597,0.004432887766786128,0.0038951110579667414,-0.0010894687587566726,0.006896253314481153
1984-03-01,0.006925393232497984,-0.011551992325611701,0.003480672072560141,0.0006529299270585465,0.010249667508122222
1984-04-01,0.005195334332977969,0.0029807429572603645,0.002699712376427972,0.0006238122051419621,0.008697700837753392
1984-05-01,0.005371159025491955,0.003064057195130011,0.002806670018459151,-0.00024337802352832635,0.009493774751897005
1984-06-01,0.005362919995819846,0.0012170096483009396,0.0027777861886579486,0.0006197485788209515,0.008808905666478283
1984-07-01,0.005610552771686041,-0.0028369977458663313,0.0029275861335002294,4.6371939539995236e-05,0.0057099208992810666
1984-08-01,0.0033837197913293635,0.00045994357330506595,0.00204070154029044,-0.000551026804355565,0.0065965998732044505
1984-09-01,0.0018802272359154872,0.024683327028191746,0.0014433139925239405,0.00029055498942818684,0.0075473319495177865
1984-10-01,0.0023509069270871105,0.006535664743228731,0.0016936295894590654,1.0843874009076197e-05,0.005417675425362645
1984-11-01,0.002260278129293473,0.002218433206189749,0.0016240099124076117,-0.00027362244559631305,0.0048418124908431335
1984-12-01,0.0034166576005805306,0.005814935070939717,0.002069414369746014,0.0005872939884684683,0.005022710968859344
1985-01-01,0.0020357458668841554,0.0016009510424008873,0.0014444354485449674,4.845550015932279e-06,0.0035517470083394624
1985-02-01,0.002000065491877188,0.01443637062955716,0.0015173437405620967,4.8356074648864495e-06,0.0031837614455034213
1985-03-01,0.0026222437910431813,0.01673866097512734,0.0016474957193367895,-0.0011088366968377357,0.004515097430577073
1985-04-01,0.005044898174330185,0.0008496357574103725,0.0027013512694106295,0.0003265750099119593,0.0037527911990519664
1985-05-01,0.00041680162330812913,0.0065558180802814505,0.0008813615880368076,0.0008234558155958812,0.0021106495395624516
1985-06-01,0.0027480732611961617,0.00959361119413916,0.0017884364058393097,1.3064006042885004e-05,0.0026461747301079973
1985-07-01,0.0007239260359450542,0.009988397562832225,0.0009617006305918533,-0.00028684735777541093,0.003221070956167368
1985-08-01,0.0015510742815894334,0.008951928510082263,0.0013405069700724095,0.000277569432690562,0.0021425611813988277
1985-09-01,0.0041675602784864854,-0.0020455315587789282,0.002270419835395861,2.9243370844823736e-05,0.003324085471966095
1985-10-01,0.003615561915923486,-0.0019072657259826425,0.0020605236350937253,2.2566283598297614e-05,0.003267422297627455
1985-11-01,0.0013998723379686794,0.007216186969582557,0.0012686316206960556,-0.0005496281241079079,0.00454707789195069
1985-12-01,0.003415910089486948,0.01785962752240826,0.0019895582190679116,-0.0002493099165927956,0.0045377035416434485
1986-01-01,0.0036561391426907703,0.015282712773055719,0.002003227266327314,2.6662842316045116e-05,0.00442647072912492
1986-02-01,0.0045605817915146275,0.0041669002200566616,0.002370179599448234,0.00030876214577872115,0.003857484431434302
1986-03-01,-0.0008151387058167835,0.018113347563292147,0.00040986886732859986,0.0015962343127956964,0.0017602097242663572
1986-04-01,0.00039849363368263066,0.01869861487343571,0.0008632009434298382,0.001074552480985978,0.0032440096440882185
1986-05-01,0.0027570015727013363,0.009760419896886653,0.0017455857765225182,-0.0005258994406643477,0.0030807967622949518
1986-06-01,0.0028363408402064505,0.004381812051627256,0.0017403291044962494,-0.0018967896724453378,0.0013934081103378732
1986-07-01,0.0011447876369922966,0.011382313311369862,0.00102841706314502,-0.0002749711513703088,0.002231786957681917
1986-08-01,0.0038809220442885574,-0.0016347938963694741,0.0022011256595204608,0.0008408252847731112,0.004577678793296757
1986-09-01,0.0019691847655444014,0.009016845391125102,0.0014303870517486036,3.815216118484147e-06,0.0020830214563341805
1986-10-01,0.004051491774379332,-0.0033662587679155346,0.002305644983506875,-0.0007839965764721111,0.0013108589483924234
1986-11-01,0.002205131608398992,0.0032743470439065133,0.0015075993015552867,0.0005473708832229366,0.004551497578544825
1986-12-01,0.003129887442730022,0.011470690267291108,0.0018654137447449125,1.6859292131070726e-05,0.0026007519951066994
1987-01-01,0.005808788424732763,0.006021388312538405,0.002846808895419649,-0.0004897447072849331,0.0008056278700979106
1987-02-01,-0.00011647976936085417,0.02014359334990496,0.0006771497689674726,-0.0005503699719995776,0.00513356686887277
1987-03-01,0.006972851981095222,0.01663052962537656,0.00328217013584802,0.0005982786965420935,0.00576040387588277
1987-04-01,0.003383325410316583,0.013395183091539383,0.002010543959292393,2.329171742381473e-05,0.0054748359202607165
1987-05-01,0.004882449367541001,0.00032905041014663,0.0025863487515893845,-0.00022402864619282538,0.005037409600692136
1987-06-01,0.004899791803266645,0.002811240588022711,0.0025399403996758814,0.0005671976010679294,0.007220540850935609
1987-07-01,0.003098377721486006,0.013855561046271569,0.0018307043096904034,-0.0005067008772095597,0.005063954299076751
1987-08-01,0.005143403938401204,0.009746348836929037,0.002685861233851744,0.0005661474154744167,0.004630919049749374
1987-09-01,0.004460454143252398,0.017773093065753892,0.0023349874091188384,-0.0004875095851636319,0.0036978752968086096
1987-10-01,0.004401127666345632,-0.004797468225839365,0.002369995889112874,0.00029544459492007356,0.0049087294257900566
1987-11-01,0.006327007601430664,-0.028697014415101703,0.003150196995641262,0.0003127885258641669,0.009690632468572581
1987-12-01,0.002437624354680997,-0.028336860773886408,0.001610620156756701,-0.00024808856475705784,0.005727483337553869
1988-01-01,0.003921572507120466,-0.0005593641868535706,0.0021999765547615745,0.0005417955408840748,0.007235926435455184
1988-02-01,0.0002513676935530962,0.014378256550234843,0.0007453640264608345,-0.0005288325419805356,0.0034823270721741507
1988-03-01,0.0038386149307324405,0.010668375508139311,0.0022555141653590825,0.0005382738776023712,0.006583620383972097
1988-04-01,0.003505523568956244,0.010583913846696161,0.002060298890861312,-0.0002335020885361418,0.005596205166527511
1988-05-01,0.005087945088066826,5.155992669634191e-05,0.002620451334547174,-0.0009750930648565433,0.006123517362149264
1988-06-01,0.0019573899582983317,-0.001812790102709797,0.001479629813360152,0.0010235514794979092,0.004941658594700506
1988-07-01,0.004298144035553975,0.01660802254259179,0.0024016485759359375,-0.0004720063472115465,0.007979590733537392
1988-08-01,0.002226613313354903,0.0027052380890883075,0.0015632855545193696,1.149495573611063e-05,0.004588060077447674
1988-09-01,0.0029061076127642324,-0.0010179990580733006,0.0017321306291929594,1.81328965948446e-05,0.007131089969305684
1988-10-01,0.0023571079842108337,0.00795071288944564,0.0016957184427330732,1.3815799526452232e-05,0.0056719155289829465
1988-11-01,0.003957120676846214,0.011714474759507577,0.002208512875092478,0.0002783488847094279,0.0034125051051409885
1988-12-01,0.0036799002016034065,-0.0021409474935034207,0.0021534520518483014,2.5993687636139246e-05,0.005242382628287926
1989-01-01,0.004440751954581162,0.008022658198073749,0.0023988419691784117,3.442686989132257e-05,0.008462906344815046
1989-02-01,0.004039149974140677,0.010988888493826985,0.0022502138866855115,-0.00021509039528769323,0.0072640311772503765
1989-03-01,0.0018410923471226266,0.011438419437458614,0.0014720137422422138,0.00025202689702838666,0.005813439760143399
1989-04-01,0.0027395204696310784,0.0028577723322908383,0.0017220908308844688,-0.0004717804453648568,0.005270243019662791
1989-05-01,0.0017046015995492447,0.012168496551671038,0.0013379126806603897,-0.0007175614693018459,0.0059261278075016
1989-06-01,-0.0007382140036190931,0.014530118176903061,0.00042680464702445444,0.000708046146252344,0.005162704348618261
1989-07-01,0.000596913100843789,0.012306188942433653,0.0008871537612704709,0.00047228118213533146,0.0053170915913365755
1989-08-01,-0.0019333667143222604,0.01198053627971008,-3.1694583314754e-05,-3.7248162913806374e-05,0.003338880442221244
1989-09-01,0.003976735909390696,0.013903884099399948,0.0020670584004237207,0.0009801443116812675,0.004164076172438592
1989-10-01,6.875783182986608e-05,0.0055773942769161275,0.0007743818776801772,-0.0007333386032761515,0.0011157070328325909
1989-11-01,2.9842048107351412e-05,0.005197363438421146,0.0006766466562812954,-0.0007291724943576173,0.0032890657820296336
1989-12-01,0.002170745209792073,-0.000863585653525905,0.0015357493909227162,0.0002473050284274493,0.004604418695563224
1990-01-01,0.0019493527318662717,0.010213157227780345,0.0013407918022843063,0.00024117693304958436,0.0015569361657501671
1990-02-01,0.002612539101376622,-0.0021475046094329695,0.001816267079347187,-0.0018545765081260253,0.003668678195267451
1990-03-01,0.004251818052215058,-0.003558240554781862,0.0022641182403152467,0.0016740446285609283,0.0036536548630965605
1990-04-01,0.002934106611968047,0.009646580171692187,0.0017831383036973239,-0.0002132584348206709,0.003740411906814182
1990-05-01,-0.0007544542060963027,0.005281044106253251,0.0003506219877504825,0.0006684538525968253,0.0029817168954527186
1990-06-01,0.0011173826262869,0.013140558869311706,0.0010804705506087852,0.00022401012359242426,0.00500363991645918
1990-07-01,0.001140680152292998,0.01156088314848344,0.0010202441116168234,-0.001382000208968208,0.0013775515722692913
1990-08-01,-0.001129191110363166,0.005414967261629102,0.00016982054325865377,0.00043308733154417663,0.003906129752243975
1990-09-01,-0.00044755056433306607,-0.01509118160946096,0.00030572125882084215,-0.0011508206268283742,0.0037956749915474246
1990-10-01,-0.0010644535978597512,-0.005827509386032346,0.00015047926244677245,0.0004360538580089833,0.00293882605894102
1990-11-01,-0.0028586640383372174,-3.5357858339016366e-05,-0.0005059106796119319,-3.850884119501819e-05,0.0015062121993545826
1990-12-01,-0.005245457761390887,0.013768765529093584,-0.001368497133837121,0.0012647647600401025,0.0005932629247012502
1991-01-01,-0.0025484733802035742,0.016347766591217835,-0.00033473278406636253,-0.0004899104794231706,-0.0014878394301304871
1991-02-01,-0.0036836851313345716,0.004394178581562966,-0.0008252687186501878,-5.8502385341257624e-05,0.002693866617457612
1991-03-01,-0.004448278674061214,0.03296857111223578,-0.0011860020494529897,0.0008134563955426292,-0.0013000764230335622
1991-04-01,-0.0024666625458219724,0.012815847107992266,-0.00036617069392099323,0.00017267750622860663,-0.003780257603149478
1991-05-01,-0.00033407334091652575,0.010090961884833875,0.0003545621160108514,-0.0006851447150947211,0.0002600794677733577
1991-06-01,0.0008883381122455642,0.00377046662324828,0.0008077726047411269,-0.0004491620965117658,-0.00029563323159839693
1991-07-01,0.0018912820976485284,0.004561061830319515,0.0013013798735061297,0.0002225337636744245,0.000970892379424354
1991-08-01,0.0011856201360417743,0.005875305048548182,0.0010160379549781974,0.00043161533945672786,0.0015239901889790505
1991-09-01,-0.0007775546692381325,0.011267565951958386,0.00031419673101831845,-0.00046390323345123365,0.001041561513618682
1991-10-01,0.0017558188908274113,0.0030700650864614568,0.0012160596575721203,9.256829168319233e-07,0.003903338877790025
1991-11-01,-0.001088547898943787,0.005438256692452556,0.000209654330175226,0.0004026308454510976,0.0018766546257398744
1991-12-01,-0.0008265379042871443,0.004918371182749341,0.0002715771312901949,-0.0008923592803548209,0.0016197100211380148
1992-01-01,-0.0020944165598352333,0.007683650501896289,-0.0001452581131088347,0.00039149791754834474,0.003122142794731576
1992-02-01,-0.0010663547622005009,0.022148441657098453,0.0002602583450456871,0.0006148136806096458,-0.0013968977610681057
1992-03-01,0.0021803154614930716,0.0021779954375848887,0.001351546139059701,-0.0004250215656779776,0.003150708231663215
1992-04-01,0.0034550500017666444,0.0005930555992179976,0.0018834978691851694,-0.00040744140806931275,0.004662003483443574
1992-05-01,0.0022880905050253835,0.004214783315312699,0.0014876415667796948,0.00043462334549668863,0.003955247750547024
1992-06-01,0.0014579483912921065,0.008868269011993668,0.001195772783287133,-2.3574255276559673e-06,0.0019361461612334516
1992-07-01,0.00023451668100437566,0.0012143374685718092,0.0007202625983828724,-0.00022820784900009496,0.00460503246243718
1992-08-01,0.0017076026859269588,0.008444237218583511,0.001217157478941507,9.299273137310424e-08,0.004709912915759716
1992-09-01,-0.0004536250379308577,0.006976648520578087,0.0005385184637992234,0.00018927088213958432,0.0020021848545180784
1992-10-01,0.0006393036277025361,0.005210381260809451,0.0008395004265286655,-1.1998186060115356e-05,0.002562419342639544
1992-11-01,0.003100546250091741,0.0003319878466215323,0.001814568190720317,-0.0006135534296295687,0.00304024554368536
1992-12-01,0.002500292495360434,0.010031212457229322,0.0015896005396421964,0.00043148359039737875,0.0036258221772540082
1993-01-01,0.0027648975702384655,0.0111066530622509,0.001754739267870966,0.0004317434202146137,0.005889860848378108
1993-02-01,0.0024505034351604144,0.003849162335364577,0.0016442995302760669,-0.0006163772942914509,0.0026767054571065247
1993-03-01,0.0026281208553320615,0.007563127801886932,0.0016865966077146979,0.0004282332020838523,0.003759172159228604
1993-04-01,-0.000379560277780671,0.009902088683996575,0.0004436184176896407,0.00018415229879548026,0.004949972390717792
1993-05-01,0.0026738578252197614,0.00013212535298878536,0.0017416228984602263,-0.000609058268165131,0.0037146758953415003
1993-06-01,0.0015699089614215683,0.005577262181335934,0.0013626247527671735,0.0002089585165104204,0.0025436242977454455
1993-07-01,0.0015972657919357362,0.005966039352983155,0.0012797395390123274,0.0006173659235005227,0.0032030739046325914
1993-08-01,0.0027041154177639467,0.0035266304933969494,0.0017585296736084932,-0.0001942943841944574,0.002867345099522128
1993-09-01,0.001400030710168726,0.008168613966311467,0.0012185495878310017,-0.00020792104404623792,0.0029268525623918846
1993-10-01,0.003041016189482245,0.0065177305185592374,0.0018354464033699665,0.00022053803121117803,0.004957674527226549
1993-11-01,0.003994637054227002,0.005844594282881109,0.0021970182441998854,-0.000791560502427565,0.003353819114683215
1993-12-01,0.0037029027658821555,0.0029836532425965754,0.00209422152448999,0.00043401995947018576,0.0050089226177526406
1994-01-01,0.00495530248417157,0.004534177774275102,0.002604423548396047,0.00024219602226943426,0.005712986725877428
1994-02-01,0.002197517354138505,0.0078050660225608545,0.0015438045116368696,0.0006147084773182815,0.002429505426125902
1994-03-01,0.0027743921608120335,0.0031714973477283363,0.0017441295586531867,-0.0007985548125689042,0.005114010070982841
1994-04-01,0.006388355657693452,-0.0016784491338481381,0.003170809706732575,5.4912732402094266e-05,0.004731151537014559
1994-05-01,0.004932105534138398,-0.005832200299585939,0.0025941296883381735,0.0006435027306958168,0.005244563283277228
1994-06-01,0.004849956120479113,0.004958491479093406,0.0025695666399513668,-0.00036697907266706456,0.009071284979911769
1994-07-01,0.0039010168020823925,0.0055328135403111475,0.002182626033447696,-0.000175430272620274,0.0060318622574566695
1994-08-01,0.0032421736761718417,0.0018568872092417348,0.0019982363303657135,-0.000180229258814926,0.005795408819048253
1994-09-01,0.004912441758273438,0.009749248919029428,0.002555110869315742,-0.00015987081425903292,0.007354452593505097
1994-10-01,0.003819476537323046,0.004851328520970834,0.002193299848458413,0.0006252365745179437,0.006008487717765165
1994-11-01,0.005018846901213942,0.0013032563981113059,0.0025521574702701082,0.00043569445054628277,0.006259030793003595
1994-12-01,0.005236738529844563,0.001365298577123026,0.0027312685975292984,-0.0005553705455089851,0.006635945677964891
1995-01-01,0.005518873670923963,-0.0003353705540930798,0.0027599483105904925,0.00024235153644435202,0.0071078213396595195
1995-02-01,0.002845826535674292,0.009150413517578837,0.001825123049915608,-0.00018319625469052233,0.007139877047880662
1995-03-01,0.0012572139818435048,0.013067645217769333,0.0011831277347415742,-2.7759121724288397e-06,0.005446272839953851
1995-04-01,0.0014823201511052608,0.010056727762507175,0.0012491530838350043,0.0001954574166603769,0.006298185123090782
1995-05-01,-5.968751685145584e-05,0.012290533531080528,0.0006636860728266101,-0.0006068802689999601,0.0051243666321973864
1995-06-01,0.001026555496355573,0.012177585271976099,0.0009496558616445376,0.0005807405963366514,0.004901530748004947
1995-07-01,0.002681272433883988,0.011022905035258393,0.0017054159873702932,1.1858633757914817e-05,0.004471259365212657
1995-08-01,3.908618738034087e-05,0.013030033957759986,0.0006974216822317022,0.00017725177766625462,0.003176029040212485
1995-09-01,0.004879627964814383,0.0038090094665963192,0.002470129829431891,-0.00015975169633567125,0.004947661593188997
1995-10-01,0.003163092135455978,0.012097649897728737,0.0018832973926560287,0.00021124879387870112,0.004649930792547644
1995-11-01,0.0007650704560026957,0.006514311607496192,0.0009775828613631243,-0.0003974244262331285,0.0038046858651366792
1995-12-01,0.0017541604863124693,0.009545280232984104,0.0013178876495036269,0.0003882830099494057,0.003441125414980006
1996-01-01,0.0025881860510190923,0.011610218972128742,0.0016256591760331366,9.982864535886552e-06,0.002026099445010403
1996-02-01,-0.0013080920109417903,0.005636185684080655,0.000150321180033601,-0.0011878626980949742,0.003471952755687774
1996-03-01,0.005579755017671628,0.016175176144275466,0.00279820465941079,0.0010065985237477058,0.004044854222946422
1996-04-01,0.002242029858614115,0.0031949222908031045,0.0015822858365980089,-0.0003744490032943068,0.0015977365421786704
1996-05-01,0.0043803128281692605,0.0032929578413230984,0.0022640583729141694,-0.0001583565542111659,0.004652916498577245
1996-06-01,0.004382069659858322,0.008414546456363487,0.002359885275418782,0.0006033716031034208,0.004096906587854696
1996-07-01,0.004800954269390832,0.005676827121609541,0.0024975613758858465,3.5694058490852665e-05,0.003257227475487061
1996-08-01,0.0021801200045742375,-0.004835025243926495,0.0015427009456701745,6.728314835552188e-06,0.00456405622646128
1996-09-01,0.0029017719102211407,0.010757164924387134,0.0017513408871076628,0.00020286226847498432,0.0037197630473319396
1996-10-01,0.004357037994520469,0.007636046867611631,0.0023043338904069097,-0.0005355375046272724,0.0036794277575157882
1996-11-01,0.0015756077005117026,0.013760449025399413,0.0013177367989506503,1.5886345542631394e-06,0.003884361062896263
1996-12-01,0.004210589509852411,0.014821055222828223,0.0022643088371195157,3.0243571569121878e-05,0.0033068685271605723
1997-01-01,0.0029708881292426536,0.006335573490232439,0.001764396183492765,0.00020291793884742688,0.002862836309607514
1997-02-01,0.0024737563605611813,0.01139282811403285,0.0016281330915753017,0.000196810653454799,0.00398600844650086
1997-03-01,0.005130485617010287,0.012863009388172458,0.002597098172705017,3.8409771470663784e-05,0.004914414529201381
1997-04-01,0.004431583852061612,0.0012967759803902065,0.0023802640141906764,0.00040322201516611447,0.0032384908296123303
1997-05-01,0.0024711551961903028,-0.0047314122927252554,0.0016651012386806829,8.953848540173832e-06,0.004471273872798749
1997-06-01,0.002980381918224509,0.024779490923012102,0.0018069171774920015,0.0001995002487909874,0.004491225483604887
1997-07-01,0.0031355100296625326,0.015978082237896124,0.0018763412416560018,-0.0005410517479013248,0.005512581934893349
1997-08-01,0.0038363804074191734,0.0166238020455703,0.002126851859929395,0.00020926160824579534,0.004031945673794133
1997-09-01,0.004110521291809721,0.00388755628574319,0.002083616294100487,-0.0003434855628964516,0.0037498688373302463
1997-10-01,0.004596428163449396,0.0056848788766886375,0.0024830701986214947,3.347195726215456e-05,0.006156046318925726
1997-11-01,0.0047346822302022865,0.006693564810729283,0.0024847637786022713,0.00021926113556997097,0.005149665064764913
1997-12-01,0.005005495938329595,-0.00018421037498033256,0.002579125876611239,0.0002216267908663658,0.004399286214371006
1998-01-01,0.002486411364667629,0.010021998958611656,0.0016450950972868733,0.00019204606060832248,0.004861707764644231
1998-02-01,0.0034044591064094757,0.003891512725722632,0.001976063455525582,-0.0001643852643169442,0.004159986300735916
1998-03-01,0.002893397601193927,0.018530308551647234,0.001781634384770704,0.00038060051725135116,0.005590208596062048
1998-04-01,0.0019841952243446837,0.01646243771150937,0.0014211604987171419,3.2398834770328007e-06,0.0045885727554503776
1998-05-01,0.004012384186538197,0.011163435177695517,0.0022210079023601216,-0.00034018887008364104,0.004154577738944099
1998-06-01,0.003601210528354739,0.0027485562361670166,0.002091458111416704,-0.00034435351610332185,0.00267100565149778
1998-07-01,-5.524608619226004e-06,0.005088860877768753,0.0007468334478460193,0.0003479072421416604,0.0018452809709473025
1998-08-01,0.00017370710424032682,0.015314947217368025,0.0007560143096045414,-0.00038081854659681436,0.0025487883748443216
1998-09-01,0.007357687288252102,-0.0157551341024855,0.0033819330557385576,0.0004265195577137378,0.005452672963057747
1998-10-01,0.0006963735608720325,-0.007623006398861643,0.0009628012558788056,0.0001704556702513257,0.0037249402209424153
1998-11-01,0.002712172119590906,0.006773923907985185,0.0016593743969055407,-0.000534132162880788,0.003648252702030493
1998-12-01,0.002684502699350589,0.02878518209531772,0.0017497401949077992,0.00037539788853955294,0.004512440552616336
1999-01-01,0.0034435116548736135,0.013062218091385022,0.0020329315666604703,-0.00016079790029460984,0.0028348205944127504
1999-02-01,0.003214846957651154,0.015362559679456843,0.0018398453546437164,1.768931998998324e-05,0.002858109359938883
1999-03-01,0.004193605755546464,0.002869855116281523,0.002326837118250473,0.0005694838686497131,0.005599449129277097
1999-04-01,0.0022296365552394943,0.010857632663358829,0.001484018598363551,-0.00017457776309243219,0.005478293077099769
1999-05-01,0.0023311292335021073,0.013916449961061913,0.00162332051718597,-0.0017889432853591598,0.0037047598360459644
1999-06-01,0.004197336457187326,0.0028106929528095076,0.0022413848777254023,0.001824913093065522,0.004497892296734361
1999-07-01,0.0016453223239363715,0.002662135018851245,0.0013505133382783363,0.00017850799924004458,0.0034416293491642404
1999-08-01,0.0036219926959192524,0.014003153288902271,0.002066822740924757,-0.0012288565891873356,0.005166208169969145
1999-09-01,0.004028041819621018,-0.0061877818639060065,0.0021707604216711575,0.000564380786934166,0.003973646333444893
1999-10-01,0.0009005785491500947,0.0029950211569192853,0.0010666010355640724,-0.0005381216733996657,0.004529899446519731
1999-11-01,0.0057819205131645806,-0.0007075022154016792,0.0028638007114556146,0.0007558770629585116,0.005289680293409418
1999-12-01,0.00378938711733162,0.019814823387114648,0.0021229271130348334,2.4223049961313578e-05,0.00806525947711758
2000-01-01,0.005095889049354694,0.009357865523789697,0.002608359995824745,-0.00013702669816744047,0.007127762623465505
2000-02-01,0.0033418372210085572,0.0030974520959362066,0.0019785160358140306,-0.0001543329964860198,0.004067975431357191
2000-03-01,0.0028069171271323527,-0.0023954741991035534,0.0016941620637335292,-0.0003349862464668712,0.005204156918587224
2000-04-01,0.00393496063427645,0.012495828694519578,0.002260178867584374,-0.0004911688563777627,0.0048305069350288695
2000-05-01,0.0037983652791137475,0.006668132792397145,0.002116388818184358,0.0019390069020780787,0.0057532764199028285
2000-06-01,0.0010697718310756293,-0.002497543959548086,0.0010712457936031031,-0.0007029949840911965,0.004445349464652452
2000-07-01,0.0023082404380044353,0.011396711824751852,0.0014672824784382119,-0.0012020096670588706,0.006428269788667546
2000-08-01,0.0005678142405202238,0.006691535168566598,0.0009058083975904338,0.0008558884783703451,0.0022625429375598164
2000-09-01,-0.00026640708802111923,0.0072846227873464104,0.0005223795568424825,0.0008386620749555856,0.004446611263045492
2000-10-01,0.003669137740158539,0.000671343159974929,0.0020206173597348605,-0.0015218355007345153,0.003165887045640602
2000-11-01,0.00012265148701795774,-0.008111513251399924,0.0006830453912104611,0.0010134187410721241,0.004070283327595257
2000-12-01,0.0010026934563310188,0.002585577349913974,0.0010653795816495549,-7.414742566112985e-06,0.004634135403009821
2001-01-01,0.00031832094991503614,-0.003423160754560325,0.0008098664737586145,-0.00018486051750453436,0.001329559703611322
2001-02-01,-0.001615970437046037,0.006686237252896558,3.0966812008471206e-05,-0.001052789401962851,0.0017168796111372484
2001-03-01,-0.0009012172996172942,3.2377489915911325e-05,0.0003520818001185994,0.0009915865346493812,-0.0010640527357579253
2001-04-01,-0.0012839405701213437,-0.01754811969397622,0.00011803876331930013,0.00047251187784908303,-0.0009765466020003693
2001-05-01,-0.0019978133292399584,0.0068477863204468945,-0.00024151048407236,-0.0003797510768560689,0.00017047468853914247
2001-06-01,-0.0008663715460803865,0.0213087161501278,0.00030340787134485576,-0.0010348295644881087,0.00041497556146988636
2001-07-01,-0.0020026850717423947,-8.21284398244092e-05,-0.00015699917634027474,0.0007999763160530481,-0.002540377929812653
2001-08-01,-0.0013760380132288915,-0.0010538088468406684,8.406015491215445e-05,0.001136553843938729,-0.0019932652585980103
2001-09-01,-0.0018550340953854124,0.0007313286382547768,-0.00015349631471213952,-0.0005436331511372478,0.0002716481013475998
2001-10-01,-0.00303807957717729,-0.02263110310384714,-0.0006129183802675157,-0.0012244080385998962,-0.002052988374605986
2001-11-01,-0.0018702335293376542,0.013253422115996909,-0.00020488213626066007,0.001963529327629991,-0.0061306741612876855
2001-12-01,-0.0023135639228447657,0.01777824963036956,-0.0003495731686489706,-0.0007136306154848282,-0.004288340093074933
2002-01-01,-0.0005954565459212868,0.008663883804725575,0.00031670968091358667,-2.6995852124855495e-05,-0.0017029054311742317
2002-02-01,0.0011108145105942241,0.0037157357722543824,0.0009237866179326625,-0.0006780114971971195,0.0015361002286857438
2002-03-01,0.0010082921216992763,-0.0038313050349794305,0.0009458826200715404,-7.357642163985326e-06,-0.00017033516539382112
2002-04-01,0.00219657986469603,0.015613633215643708,0.0013721253177043419,-0.00032836994832791745,0.000986674661335818
2002-05-01,0.0011173979472013803,-0.004233632985130352,0.0009551449335830389,-0.0005032627483253061,0.0014624774146722154
2002-06-01,0.0018616465949414553,-0.002860456954450205,0.001286582995131666,0.0009979426902852182,0.003888983784087913
2002-07-01,0.002684421191202534,-0.01104795439289385,0.0015814428105564362,0.0001751381072693395,0.0034125408837591517
2002-08-01,0.0007387686553346577,-0.02303731776320211,0.0008542484546124954,-0.0005066767799049145,0.004499259333526766
2002-09-01,0.000673045215433925,0.007219786701055912,0.0008697402695062678,-0.0001750373671251896,0.0024781224409727307
2002-10-01,0.00027502056272662675,-0.007101475708854384,0.000666583011224016,0.00031350885757996905,0.004893924816734202
2002-11-01,0.0008049086594374604,0.001060048476649189,0.000986662220579408,-0.00017299019044516052,0.0026059688109121306
2002-12-01,0.0015234454303323236,0.019659242624582112,0.0011351958623171266,0.00016147242412908023,0.002858271891511777
2003-01-01,-0.0009323089837826718,0.0026542846553264405,0.0002394184863576275,-2.885699277324123e-05,0.004014852125721921
2003-02-01,0.003514784818442975,0.0027319166779390114,0.0019218808504731406,-0.0007944328680301813,0.003016005150031482
2003-03-01,3.5128264736744835e-05,-0.01125059102251685,0.0005554332859293135,-0.00033805231147705447,0.004895973226783138
2003-04-01,0.0003028684716955309,0.007740008885196987,0.0006642382436208708,0.0011215792989506515,0.0020632943684347786
2003-05-01,-0.0009998026399500937,0.01762218678794461,0.00025466817110313665,0.0015875324684030295,0.0017280885146437868
2003-06-01,0.0010980035469684616,0.01680293968031716,0.0010350796816840373,-0.0006530530363766861,0.00010923004276578867
2003-07-01,0.0013815211741020957,0.017606107241413805,0.0011214377898234864,-0.0008155933392916288,0.0009526180661976124
2003-08-01,0.0025497633451774366,0.005147931990168292,0.0015360333111219915,-0.0006384878683664204,0.00168233708931501
2003-09-01,0.0017938961911672221,0.0035790125342459013,0.001293173622814846,-0.00031736924704887736,-0.00023476018083999075
2003-10-01,0.0035444650130182992,0.010795860350042139,0.0019440533566613665,0.0003463129843040041,0.00454460381351391
2003-11-01,0.002644416057399362,0.00848413242754504,0.001684937779473168,0.0012963681683148282,0.00507250721989207
2003-12-01,0.003997158929114682,0.005977870009672927,0.002085926756024807,-0.000456388170601564,0.003978966326232592
2004-01-01,0.002533912583368269,0.010971795014987228,0.001614077586087754,-0.0006314504647807492,0.003681172695326218
2004-02-01,0.0026007302963821674,0.015309275266457386,0.001655171134289627,-0.00046640833231801173,0.002886195611894325
2004-03-01,0.003574371754682974,0.005880527484800448,0.0019446573318119607,0.0006617532512957027,0.006996616912748645
2004-04-01,0.003023086823821872,-0.00039797145048674925,0.0019179392784423137,1.800394577832417e-05,0.006436865183782626
2004-05-01,0.0044512298789276495,0.00516830113839464,0.002376754549163913,0.00019118778291371568,0.006415432883702584
2004-06-01,0.00523050331299313,-0.0037712549166994194,0.0026543052619379367,-0.0007496796469117457,0.00636776507005156
2004-07-01,0.0008014375309818248,0.011187137107524588,0.001016029275093143,0.00015398812305653805,0.006527551680410616
2004-08-01,0.004639825517336481,-0.002698879338261775,0.0023384841963150845,0.0008211656350427722,0.0077382484773117445
2004-09-01,0.0030264326145786734,5.769080483488255e-05,0.0017895010201179247,0.0001726774958997396,0.006538028777036397
2004-10-01,0.0033203713994171807,0.009933318074584013,0.0019275140404228426,-0.0007645973412087456,0.0029785533800297426
2004-11-01,0.004647677916508634,0.0030247119971876296,0.0024409187508009967,-0.0005880374998869824,0.006300396965688114
2004-12-01,0.002448332591776751,0.014993055074608616,0.001542065534054669,0.00017121856937179055,0.007481203276948628
2005-01-01,0.005522192350198044,0.008879436960852756,0.0027018543266086846,0.0014409926626885307,0.004902558019874577
2005-02-01,0.00253219932445708,0.00042392455861925817,0.001597875400469425,0.00016376244298485222,0.006424613329136127
2005-03-01,0.005175617801749275,0.006558425912733658,0.0026217892083783643,-0.0013535652553256475,0.0067541763690784715
2005-04-01,0.0023647742391974718,0.003103091058975384,0.0015700345750421175,0.00016714421450505227,0.0053619942174431045
2005-05-01,0.004488102561299533,-0.003117326144767004,0.00244292098235384,0.00018958787640972584,0.005414191399766575
2005-06-01,0.003148819708621462,0.006580676833908618,0.0018664515410980705,0.001091730557821066,0.00340994036436746
2005-07-01,0.004539965583667579,0.007983509923733442,0.002403427010161672,-0.00027433262371535423,0.0033292452851194413
2005-08-01,0.003286410616268178,0.007601897229460615,0.002023181132257265,-0.0016615906176360303,0.0010325391950580809
2005-09-01,0.004031280790088958,0.0037475462526592156,0.0021937222572483103,3.783040713877978e-05,0.004872444482141586
2005-10-01,-0.000446102340228557,0.005485242436822249,0.0006255382409408888,-0.0022588638318429303,0.004254205836583592
2005-11-01,0.005928365916402835,-0.004221920736734506,0.0028069060075938315,0.0036607610230964707,0.006933998378627772
2005-12-01,0.005629820790359963,0.011718725992022158,0.0027959958664980746,0.0019871664993409478,0.007076584143421209
2006-01-01,0.0038638608047713197,0.008217349941891413,0.0020953803622649875,-0.0014715927096469752,0.007662310181326463
2006-02-01,0.005398555734510833,0.005865862783055018,0.0027651253387100776,-0.0017505896493681958,0.006863129547981276
2006-03-01,0.002846664711491773,0.0034598978483137274,0.001808468985199995,0.0016583931950909271,0.004081836000589119
2006-04-01,0.00488330955800454,0.006158899615984412,0.00256758637049974,-0.0002606681054894702,0.007953403084347097
2006-05-01,0.0033363964338803532,0.005229616954462448,0.0019135117157918766,-0.0010186931772049421,0.005626380197756883
2006-06-01,0.0018614923473865672,0.002036478596052038,0.0013321755171654757,0.000598918928301233,0.0072336606835261465
2006-07-01,0.003498368824364721,-0.0034120857730455694,0.0019474162192456203,0.0001701817230787464,0.00703719130448894
2006-08-01,0.0009336834426895721,0.0060800024366069304,0.0010393994515416416,-0.0008867758108000341,0.0036348156066863006
2006-09-01,0.0032375898916097816,0.008821690196013511,0.0018710855731585,0.00031706389560759945,0.006143826870697432
2006-10-01,0.0019621910520747003,0.009913062904313744,0.0014252415742080772,0.0027792624189893114,0.004111215697814042
2006-11-01,0.0010931915981079107,0.012866390748993095,0.0010368532283803894,-0.0001468137695789562,0.003695053050011142
2006-12-01,0.0017759391007212849,0.008770753127143247,0.0013669680805177878,-0.001467228141825346,0.004100938423580057
2007-01-01,0.0051393882106413645,0.007692131647965009,0.0025538247131391594,-0.0014281637489710268,0.004062435647463596
2007-02-01,0.0006455811972412638,0.006135501886631367,0.0009689021940750232,0.001109241406383522,0.0031597154736094134
2007-03-01,0.003071663987089355,0.007321704182773278,0.0017295400414364878,-0.0006436583047197439,0.004802722757276045
2007-04-01,0.003267451552693335,-0.0027302478453112198,0.0019233726215147635,-0.0003729285883198554,0.0034579852160647796
2007-05-01,0.0018724772145795527,0.013912456195036588,0.001278465225583268,0.0006507822768122651,0.0047023214542462125
2007-06-01,0.0019544668704785523,0.011981460098990126,0.001402642507819812,-0.0003323458673816028,0.0053590960103569885
2007-07-01,0.0017212031599469868,0.004857064801693768,0.0012890751117240603,0.0005379098287296858,0.004448775216440738
2007-08-01,0.00016435528284528705,0.00610500135919991,0.0006664411392143696,0.00014108300506417024,0.0022563227144751564
2007-09-01,-0.0001436543437349125,-0.005487776819947658,0.0005208220516305987,0.0004144476540989433,0.0032427905945893757
2007-10-01,0.0008835019953644465,0.011730346702488756,0.0009521228125328517,-0.001174792024947718,0.004250950985123001
2007-11-01,-0.0003083574707371836,0.012031677095328045,0.0005417100621209656,0.00031869257071999755,0.0032645334089277164
2007-12-01,0.0013828503955093771,-0.007691377630316567,0.0011252946836285869,-0.001416122643165143,0.005196665000880667
2008-01-01,-0.00046809550079197687,0.007966492333887604,0.00046547397218348746,0.0014400841601428652,0.004816015881079376
2008-02-01,-0.0008048683619556823,-0.011479799173291087,0.0003127153876688717,-0.00019199543483074642,0.004798399526826894
2008-03-01,-0.0025937483006485875,0.002081318683699548,-0.00038580232376476606,0.00025525471151074334,0.0025795406326499016
2008-04-01,-0.002475560013058836,-0.0006066078728832421,-0.0003319132808018363,-0.00039203496148436276,0.0008116095663873925
2008-05-01,-0.0030767509224498453,0.01611692095029944,-0.000603506555559082,0.00031958159207926337,0.0022190436169885596
2008-06-01,-0.00161781868312473,0.01153759286393194,-2.8278199548934955e-05,-0.0011035131185759646,0.0017856841705113796
2008-07-01,-0.0018247477727388948,-0.004943366471153201,-0.00013764822403151728,-0.0013847786930483517,0.0035709473193110564
2008-08-01,-0.004097903912749477,-0.008625941661597091,-0.0009957481083943984,0.000915252202042917,0.0024822340992479964
2008-09-01,-0.005881242800377813,0.012277707798260123,-0.0016150259414192377,0.002470797667184641,0.0002007589169084104
2008-10-01,-0.01078575113039091,-0.002838860257983947,-0.003318902430576892,-0.0008322503529566276,-0.005557850305784385
2008-11-01,-0.004792455473048561,-0.04764301834341686,-0.0014856704344051834,0.002739903801165822,-0.0046202125161609485
2008-12-01,-0.010625374531227888,-0.012507034071606252,-0.003621504350080964,0.002599082960890363,-0.007444486717095873
2009-01-01,-0.013909741641037142,0.0097195568477,-0.0047387677154463875,-0.0030273289874544473,-0.013644080234957577
2009-02-01,-0.01366486902869577,0.007829362727196965,-0.004707724374357888,-0.0033814842072322675,-0.009281492780871993
2009-03-01,-0.0075053511253126495,-0.008935958199553992,-0.002493283346911515,-0.0004362779664841874,-0.007947959771119922
2009-04-01,-0.010892583831225067,-0.004904661496841679,-0.003731974031882217,0.0012289489167369389,-0.009339336413030988
2009-05-01,-0.007937345547144063,0.03612692656377217,-0.0026336249436938065,-0.0007042117430650872,-0.007545544694158033
2009-06-01,-0.006820578720861019,0.023147849778013374,-0.002050156032848479,-0.00023572626286980994,-0.006043747566052303
2009-07-01,-0.005152344740009714,0.013741927139456213,-0.0015192807193302096,-0.002098451951695946,-0.00635064924689989
2009-08-01,-0.0010156249434054541,0.008251078436244244,-1.1628534856358277e-05,0.0025085812296794688,-0.004143745557084319
2009-09-01,-0.0007776710632345844,0.023985037991816806,0.00014089963000340979,-0.0011137135927367864,-0.004450417721578268
2009-10-01,-0.0019878529447000417,0.014334641672574677,-0.00031812518409432534,0.0003742703015444573,-0.0013730074690155244
2009-11-01,-0.0030078033084104607,0.011845400738268013,-0.0006487141868078512,-0.00037374586347840296,0.0030457845554066553
2009-12-01,-0.0003414961808868508,0.009924896172721943,0.00044476674007493545,-0.0001278247691224419,0.00486918289507739
2010-01-01,-0.0022068744746952507,0.011098412623466907,-0.0003713940430054041,0.0007915363174676835,-0.00021227950046374933
2010-02-01,0.001298901902502794,0.007529043147624463,0.0010071978154175389,-4.587795958060376e-05,0.0028056750869442145
2010-03-01,-0.0017378087772721,-0.0015326402002333423,-0.00012426510403238007,0.00043400170280831956,0.003685356580345003
2010-04-01,0.001903750041391455,0.017918557568462994,0.0013405735692995156,-0.0003808366661681412,0.004274151487308305
2010-05-01,0.001473283976174264,0.013828702605435096,0.0012261210844228794,2.6392531156730345e-05,0.003758052046990148
2010-06-01,0.002462356060171173,-0.010867005496927961,0.0016382774738009777,0.00022809871132753896,0.003903688929594612
2010-07-01,-0.0014395721874804084,-0.0032896120917259245,-1.715311290328308e-05,-6.763767221997836e-05,0.004116532581942647
2010-08-01,0.00014031426421569088,0.004338467339848493,0.0005898027882583828,-0.0006987118926879022,0.005497530359988659
2010-09-01,-0.0011315194278304005,0.007374274805552375,0.00014031418115737198,8.65918044289886e-05,0.004839179376819239
2010-10-01,-0.00054678212765271,0.013037875180066457,0.00035049696836643787,-7.280949274879851e-05,0.006103590510628103
2010-11-01,-0.0005194954306105733,0.015795822998510824,0.0005287579377985762,-0.0005786779552472753,0.006584331236075388
2010-12-01,-0.000859981715382591,0.011118329079521922,0.00031959484140892135,0.0002503687966575363,0.0045861922107966165
2011-01-01,0.0018840940670882802,0.012832398057234387,0.0012716226534212232,-0.00043938275882534353,0.007149647435554409
2011-02-01,-2.4293723526681594e-05,0.013011544019814435,0.0006183664967556836,0.00020903154790990694,0.005210289692085271
2011-03-01,-0.0005182186312437103,0.01248974030372512,0.0005257181568702314,-1.659468454257082e-05,0.004347562786407558
2011-04-01,0.0014429924549149904,0.0015398016325352212,0.001159375152797325,-0.0005852703151915027,0.007038046875444599
2011-05-01,-0.0013083067808877266,0.010669746394726353,0.000253342711748921,0.00010706747654747672,0.005070117262152452
2011-06-01,-0.0005369665878036337,0.006646646760211833,0.000424141421297603,0.0004206124126510917,0.006611737970693198
2011-07-01,-0.00016770710613274366,-0.004131558254231272,0.0006091091465642597,0.0009208471754111224,0.0033514439125184496
2011-08-01,0.0011638038060009976,0.011685476677670097,0.0010274941505445888,-0.0007850066065495703,0.004129358805227504
2011-09-01,-0.00025784539915482425,-0.021610374318801657,0.0005023448929487066,-0.0001830300300057775,0.0035854183980403498
2011-10-01,-0.0005072469549871582,0.0030379789252959633,0.0005058169551991027,0.0002653001028240826,-0.00017784514272265232
2011-11-01,0.0011821317163516656,0.011443122885127482,0.0010806078666624028,0.00043602314355498925,0.0060842937001822075
2011-12-01,-0.0005241159738978624,0.009209911401936981,0.00045040765009005655,-0.00037428959988387205,0.003417444572065848
2012-01-01,0.0016857057287807675,0.007739651815435703,0.0012844443005753051,0.0004762760788554333,0.004889402860181103
2012-02-01,0.0026454946974485915,0.014880562783440488,0.001700801659052037,-0.0007279219698150741,0.004407887922996136
2012-03-01,0.0009045567720312737,0.01422289377578325,0.0010257120959864835,0.00016369631513188552,0.005740699292236944
2012-04-01,-0.00018112311816913945,0.01166243099775679,0.0006680080311395618,-7.904568460039086e-06,0.00330051252721458
2012-05-01,0.0010798442656418242,0.004249755305746611,0.0009834846999580487,0.00011890973933473996,0.0039641575552652525
2012-06-01,-0.00015055270469493086,-0.0027592941273688765,0.0005711358179256196,0.0010855792082228174,0.0028967276305017346
2012-07-01,-0.0004226432446113493,0.002121729767541088,0.0004710135699075925,-0.0003944758941912587,0.0029307016687025256
2012-08-01,0.00010711219646661286,0.011664379379338868,0.000683342159033317,-0.00035077772135978547,0.0050512612476001795
2012-09-01,-0.0004111245629379004,0.012936564342266168,0.0005462648584586524,-0.0016587850357525351,0.0034206886586456917
2012-10-01,0.001006746302493782,0.011471265368611195,0.0010649393205690342,0.00029871248693762,0.005399842618440727
2012-11-01,0.0008402519364773689,0.0038632440040080912,0.0009590585582280333,0.0006028988401945775,0.0022255037345522634
2012-12-01,0.0018000000333814,-0.0030094199969802407,0.0013128432146283964,0.0012991658172097453,0.0039908991601669466
2013-01-01,0.00229973562258573,0.00889090249519992,0.0015544452387186126,-0.00045684482427558424,0.004246316840654977
2013-02-01,-0.0005926817610922065,0.0150931989273165,0.00045278872705432254,-0.0006507412325588929,0.004604765075026184
2013-03-01,0.0027754899053109463,0.009085917818504851,0.0017290910513753758,-0.001009362667068801,0.00325644730312529
2013-04-01,0.0006535962515654276,0.010973603302949617,0.0008706919803851404,0.002431474972283673,0.001807203543585884
2013-05-01,-3.7114255965241608e-06,0.00822442355838776,0.0006797881179474175,-0.00023553869399000956,0.0024130899226042202
2013-06-01,0.0019400845776616998,0.014680395621487536,0.0014227754960650266,-0.00074126367152225,0.0015314075864502543
2013-07-01,0.001456838213280279,0.0013783327519587356,0.0012178108107968304,-0.0005864980160695102,0.0029375278719076894
2013-08-01,-0.000562267053503191,0.012716969982241507,0.00045535319230300916,9.937757157831607e-05,0.002551336639212551
2013-09-01,0.002907619179369197,0.004088235849624466,0.001757311524978158,-0.000114710564757336,0.005075518144446299
2013-10-01,0.002028450143545986,0.006741461501647917,0.0014024473577989615,0.0005987041788898387,0.004822892556825056
2013-11-01,0.0006661424264979177,0.009494703128957602,0.0009543696628434191,-5.8866520010307535e-05,0.0044877747200764845
2013-12-01,0.0027133234136625527,0.01269791101419838,0.0017182919907741104,-0.00037718666864038693,0.005435079316721347
2014-01-01,0.0014467342149899053,0.007772799761941277,0.0011677083168460504,-0.00024052442964420342,0.004263632649316441
2014-02-01,-0.0007547430581102479,0.007406601765642083,0.0004076607649736144,3.702460800701486e-05,0.003004860756734514
2014-03-01,0.0025725381120296877,0.003348357345357174,0.0015862164040625637,0.0004007041268456962,0.004889543424411307
2014-04-01,0.003410409180595673,0.009795047723932944,0.001920014370914725,-0.00026155662792793006,0.004903233907871532
2014-05-01,0.0023575318120271703,0.004177687218073543,0.0016211157518467266,6.032196954604975e-05,0.004306973329333482
2014-06-01,0.001795114727063514,0.00765615873963105,0.0013378638450883956,-1.1447113505191127e-05,0.004397234717264125
2014-07-01,0.002519424247192866,0.011253533109637316,0.001659311953453861,0.00018133302965004026,0.0035378424999180473
2014-08-01,0.003247209428184502,0.006901961066474942,0.0019091048297162454,7.55770977109733e-05,0.004244385472084163
2014-09-01,0.00035119566123981974,0.0035536013453709506,0.0008236297867122294,0.0003662069891608819,0.0032652780971859753
2014-10-01,0.0020494771891069784,0.008122883966212743,0.001472964191433398,-6.556183690231808e-05,0.0028220055439887744
2014-11-01,0.0018316719117851105,-0.002561056167125928,0.0013963474768856092,8.156939575051543e-05,0.003382162014797374
2014-12-01,0.0030432591409426083,0.016850362407801113,0.001818668242647356,0.000515065666005656,0.0043738666470005735
2015-01-01,0.0012871023439587279,0.005703838673053798,0.0011980239785360947,0.0003531434459247711,0.0013468162804324117
2015-02-01,-0.00029462332652517294,0.0021262043391344467,0.0006236635515709024,0.000958991469964181,0.00159287687667582
2015-03-01,0.0002165123285377817,0.01134313192784818,0.0008360427039666623,-0.002666183590466472,0.0030304134775108963
2015-04-01,0.0014585916350635607,0.004197404986629566,0.0012165169135048138,-4.921448254552564e-05,0.0028382531445013937
2015-05-01,0.0009822460748185246,0.006364764678069881,0.0011332807153565903,0.00048271022270954673,0.003738318698604284
2015-06-01,0.001255494838161325,0.00649670092616995,0.001240867444156928,-0.000672571746814603,0.003223775672125099
2015-07-01,0.0018384825334510652,0.0028285798077325834,0.0013988331149867197,0.00015938346640572036,0.005064195142920649
2015-08-01,0.0038992431649447507,0.002846299489446563,0.00214748208960262,0.0003743914768651369,0.0033791015736179602
2015-09-01,-0.00023045531880675407,-0.0011096590981040564,0.000583633327472112,0.0004499546441714499,0.0021638872380276264
2015-10-01,0.00038987211627941176,-0.006510939352478065,0.0008379088834027252,0.0006525221000170963,0.002654267693913889
2015-11-01,0.0009545792529951705,0.019807903957611415,0.0011131244257824827,-0.0009699021718015958,0.0026815831615646848
2015-12-01,0.0004642102550870147,0.005963982900416449,0.000930109522028515,-7.351298516649364e-05,0.001107206159604145
2016-01-01,0.0005825703549154594,0.0017277496902888098,0.000973565308248119,0.0006625981354694521,0.0009121281550248919
2016-02-01,0.0027903922880736487,-0.012536169988259526,0.0016553051928537297,-0.00017231995064850028,0.002747007915472778
2016-03-01,0.00012604501777402095,0.003075043459532925,0.0007722566244405545,0.00024178904918218096,0.0004997317258165524
2016-04-01,0.00017546292509525987,0.019636375425314826,0.0008210617388651214,-0.0013409248003575323,0.003205365605482754
2016-05-01,0.0012199874701166453,0.010943255655557454,0.0011171093679256494,-0.00021240529588651948,0.003627505962365326
2016-06-01,0.000855134466696154,0.0035794878635872266,0.0009618930227515642,0.00042474803303265335,0.0031464610998985475
2016-07-01,0.0020119385457748433,0.006414173113032162,0.0014277678136640716,-0.00011952617860176071,0.002659459895005214
2016-08-01,0.0021793597617257897,0.01159634771454543,0.0015530118091886607,0.000978235554609343,0.0027873982134040765
2016-09-01,0.0006235093546262474,0.00804263476543047,0.0009082198314182739,-0.0007107194433667882,0.0019399218961878902
2016-10-01,0.0015480432909678243,0.0022288785589561614,0.0013081368197910318,-0.00023089947960590595,0.0029887478010150593
2016-11-01,0.0017801061644670275,0.0026991459305787755,0.0013216207898837907,8.38633401342734e-05,0.002667781069544655
2016-12-01,0.0011353788841100647,0.007053098588143419,0.0011227754646758708,0.0003395527032010732,0.004976306801282212
2017-01-01,0.0033549155802882,0.012629957398372516,0.0019055379746715597,-0.00038122102696346033,0.003987605602146884
2017-02-01,0.0012016102825273,0.00763310190054655,0.001145947202402139,-0.0004575457827510959,0.002966822252123773
2017-03-01,0.0012177008771995842,0.010306466123989489,0.001166798626527293,0.0008891544062816357,0.0029205558796416833
2017-04-01,0.002594363102507936,0.005702504777440606,0.0015820272315549503,0.00044479423434165127,0.0035100564895617446
2017-05-01,0.00382835613772257,0.004869455568829415,0.0020665456129697253,-0.0007248710872075635,0.002748346272720611
2017-06-01,0.0008809935988020143,0.008424687299069335,0.0009810402103202377,0.0008577684027717996,0.0029967360235626838
2017-07-01,0.0028769351385031505,0.007719960032274712,0.001765363030411012,-0.00041721407006367893,0.004729853553260543
2017-08-01,0.0007963342442027152,0.00676808494156141,0.0009959145409192708,9.542943587393196e-05,0.003411762613640801
2017-09-01,0.0008943889507752401,0.004902571302695997,0.0010552899551476253,-0.0010554724240399676,0.004419066021981226
2017-10-01,0.0019258253907971075,0.007852681125325858,0.0013527287946479346,-0.0005008957833785073,0.0032607172531429894
2017-11-01,0.004674002335221063,0.009280876025063887,0.0023739976237819502,0.0015302308423974615,0.003582175438536673
2017-12-01,0.002032957829940401,0.007687227354267201,0.0014259407346012755,-0.0007361680454612317,0.004494140259606109
2018-01-01,0.0024322909421296834,0.01055062171913377,0.001588898994478715,0.0004458134066358736,0.004351914899622824
2018-02-01,0.0015367698303192655,0.015564497086052039,0.0012218114164560308,-0.0007510540450899157,0.004217210226286462
2018-03-01,0.003732044572471005,-0.003964597047005444,0.0021376341520338796,0.0005112161697835942,0.005584638977272582
2018-04-01,0.003296484159288954,0.0034981880579851234,0.0018787726793662038,0.000449382018229492,0.002761085141683054
2018-05-01,0.0036492440466377226,-0.0008362432759836463,0.001961505872607732,-0.0006224173171103214,0.0042692504367452845
2018-06-01,0.0008738343629244331,0.008986287430939564,0.0011028187689507024,0.0002875724814248162,0.0028336724624694223
2018-07-01,0.0028546369775419287,0.008605220993390625,0.0017066699867770354,0.00018432532603472956,0.0035082720705015774
2018-08-01,0.0021007637976223383,0.007638833692168974,0.0014392949613472403,0.0002090948778100903,0.004697864879574658
2018-09-01,0.0029172951030000966,0.009367317069104781,0.0017480648306512328,-0.00021959470924953019,0.005119357185946614
2018-10-01,0.0017895304916878004,0.007996547004855678,0.0013280611348721692,-6.649779529375296e-05,0.00432446274957247
2018-11-01,0.0012920372416123824,-0.005309082902221549,0.0011825788904085035,-0.0003184889564390263,0.004436566893105029
2018-12-01,0.0012048356758732489,-0.0008613810428555009,0.0011030477596276503,0.0009269261914569329,0.0018537148733997208
2019-01-01,0.0007312051771902767,-0.00942575750735037,0.000969014432461515,0.00028498371611476085,0.005331298901562283
2019-02-01,0.0004149469523112238,0.008650832900221207,0.0008896147802170473,-0.0003393810696680909,0.004908324426125339
2019-03-01,-0.00016888496344716428,0.018463782687625305,0.0005708221650205788,-0.0007024440544288541,0.0035914418752879687
2019-04-01,0.0017258083733181662,0.008647456185539753,0.0013104863616455683,-0.0007594530070557212,0.002901383694735132
2019-05-01,-7.926829974963089e-05,0.013579395064004384,0.0006983408340131427,-1.425841561592573e-05,0.003787930833047768
2019-06-01,0.001118732094506713,0.000544253777686672,0.0010375534775730528,0.0013150425613530122,0.0035244921339754524
2019-07-01,0.0010016581798367179,0.00767147301206951,0.0010523046599982533,-1.6234196487806054e-05,0.002716897931017732
2019-08-01,0.001018016106469478,0.013351623397923597,0.0010861962069571539,-0.0005299806817704373,0.0029857651673346657
2019-09-01,0.001950613969344626,-0.00375826965755974,0.0013638097775950115,0.00036060076231873953,0.0025962236028958543
2019-10-01,0.0006949628819928801,0.011755744074784247,0.0009754653030070561,-0.0002667762821545494,0.0016082447948759398
2019-11-01,8.080295421748719e-05,0.004669288723266903,0.0007716602364291789,-0.0005255560120388359,0.0019058254796463182
2019-12-01,0.0031971368097429283,0.013850121116478176,0.0018625552127857696,0.00031072431544742845,0.0023881382395233167
